dhdh,erickson.rinho@hotmail.com,11,br
jj,erickson.rinho@hotmail.com,11,ber
hgfkjd,erickson.rinho@hotmail.com,11,br
fbgkjd,erickson.rinho@hotmail.com,11,br
hdhfh,erickson.rinho@hotmail.com,11,br
gdfgdf,erickson.rinho@hotmail.com,11,br
dfgd,erickson.rinho@hotmail.com,11,br
dfgd,erickson.rinho@hotmail.com,11,br
dfgd,erickson.rinho@hotmail.com,11,br
dfgd,erickson.rinho@hotmail.com,11,br
dfgd,erickson.rinho@hotmail.com,11,br
dfgd,erickson.rinho@hotmail.com,11,br
jammily,pjaanf@gmail.com,18,BR
jammily,pjaanf@gmail.com,18,BR
jammily,pjaanf@gmail.com,18,BR
jan,www.eribergsouza2014@gmail.com,11,br
jan,www.eribergsouza2014@gmail.com,11,br
